IoU_table,IoU_background,IoU_mean,IoU_std,IoU_median,IoU_max,IoU_min,Precision,Recall,F1,Loss
0.0013342644087920013,0.8004315962312567,0.40088293032002437,0.39954866591123234,0.40088293032002437,0.8004315962312567,0.0013342644087920013,0.8472524161042679,0.6545852145615397,0.7385599135075194,0.24264502827534262
