IoU_table,IoU_background,IoU_mean,IoU_std,IoU_median,IoU_max,IoU_min,Precision,Recall,F1,Loss
0.00011979724316579215,0.80038335977403,0.4002515785085979,0.4001317812654321,0.4002515785085979,0.80038335977403,0.00011979724316579215,0.8261949675074672,0.5897454136132276,0.6882272095928322,0.2853615370065886
