IoU_table,IoU_background,IoU_mean,IoU_std,IoU_median,IoU_max,IoU_min,Precision,Recall,F1,Loss
0.0001222393246400523,0.8002960651042281,0.4002091522144341,0.40008691288979403,0.4002091522144341,0.8002960651042281,0.0001222393246400523,0.8547131139336718,0.5336894140004893,0.6570875566594293,0.2679191462277454
