IoU_table,IoU_background,IoU_mean,IoU_std,IoU_median,IoU_max,IoU_min,Precision,Recall,F1,Loss
0.001375980386007831,0.8010630503994511,0.4012195153927295,0.39984353500672165,0.4012195153927295,0.8010630503994511,0.001375980386007831,0.7791875376948981,0.6196339489771775,0.6903106799839113,0.28601171467833375
